Position,Residue,TotalPenalty,DomainPenalty,PTMPenalty,Entropy,Disorder,SecondaryStructure,SASA
274,Q,4.81,0.00,0.00,0.87,0.34,C,243.7582732409282
266,Y,5.48,0.00,0.00,0.44,0.33,C,189.84199420211488
273,Q,5.55,0.00,0.00,0.44,0.27,C,183.77827300146828
270,L,5.62,0.00,0.00,0.44,0.27,C,167.7151652686654
265,E,5.62,0.00,0.00,0.44,0.33,C,151.62301492731768
267,L,5.64,0.00,0.00,0.44,0.29,C,155.2826850533275
271,Q,5.66,0.00,0.00,0.44,0.28,C,154.5536595016474
268,N,5.77,0.00,0.00,0.44,0.25,C,135.39517800080827
272,P,5.79,0.00,0.00,0.44,0.27,C,123.48207505599919
269,V,5.84,0.00,0.00,0.44,0.25,C,117.39124770756362
186,I,6.70,2.00,0.00,2.04,0.14,E,105.6071381307428
72,R,6.83,2.00,0.00,0.44,0.77,T,240.46691054970555
1,M,6.87,2.00,0.25,0.44,0.94,C,256.5883636976955
27,R,6.89,2.00,0.00,0.44,0.90,C,192.0970686357595
41,R,6.91,2.00,0.00,0.44,0.70,C,238.4728804817178
69,R,6.94,2.00,0.00,0.44,0.82,C,200.06681524324898
18,Y,6.95,2.00,0.00,0.44,0.81,C,200.61032200084898
88,R,7.00,2.00,0.00,0.44,0.65,G,226.40998010430496
24,E,7.03,2.00,0.00,0.44,0.92,C,152.6977773260032
26,M,7.06,2.00,0.00,0.44,0.91,C,149.44713158728396
56,R,7.06,2.00,0.00,0.44,0.50,T,248.9636949827178
28,N,7.07,2.00,0.00,0.44,0.90,C,146.76069508196215
84,Y,7.08,2.00,0.00,0.44,0.67,T,200.6006953774047
92,R,7.12,2.00,0.00,0.44,0.47,C,245.01561879675586
42,N,7.12,2.00,0.00,0.44,0.76,C,169.7980190814996
25,N,7.13,2.00,0.00,0.44,0.92,C,126.90199773268758
65,Q,7.14,2.00,0.00,0.44,0.82,T,151.54161627602466
76,N,7.15,2.00,0.00,0.44,0.80,T,154.3056620729136
38,E,7.16,2.00,0.00,0.44,0.72,C,169.27644374688435
81,L,7.19,2.00,0.00,0.44,0.69,C,171.11302139756094
37,N,7.21,2.00,0.00,0.44,0.80,C,136.7585637690742
77,Q,7.22,2.00,0.00,0.44,0.76,T,145.88166320437736
22,T,7.23,2.00,0.00,0.44,0.86,C,118.05392392807163
21,V,7.23,2.00,0.00,0.44,0.84,C,122.89130610614131
75,E,7.23,2.00,0.00,0.44,0.79,T,134.43899371187973
30,L,7.24,2.00,0.25,0.44,0.89,C,171.6520637269884
44,D,7.25,2.00,0.00,0.44,0.67,T,161.125871627349
39,D,7.27,2.00,0.00,0.44,0.69,C,151.97395031819661
36,H,7.27,2.00,0.25,0.44,0.88,C,166.05791816564323
19,D,7.29,2.00,0.00,0.44,0.80,C,117.93686182931822
10,L,7.30,2.00,0.33,0.44,0.89,C,176.54978623330646
67,T,7.32,2.00,0.00,0.44,0.84,T,99.52219791459939
90,R,7.33,2.00,0.00,0.44,0.66,C,142.85009635370255
29,G,7.34,2.00,0.00,0.44,0.91,C,79.3950887641001
79,V,7.34,2.00,0.00,0.44,0.69,C,133.81482462670914
47,Q,7.34,2.00,0.00,0.44,0.47,T,186.4183303791356
70,I,7.35,2.00,0.00,0.44,0.81,C,100.39382151214284
3,K,7.36,2.00,0.50,0.44,0.88,C,203.51562555865968
71,P,7.43,2.00,0.00,0.44,0.79,T,83.83229618094917
74,Q,7.43,2.00,0.00,0.44,0.77,T,89.66531639668656
62,P,7.44,2.00,0.00,0.44,0.65,T,117.63403736546573
9,P,7.45,2.00,0.25,0.44,0.90,C,115.59873367076896
45,V,7.45,2.00,0.00,0.44,0.59,T,128.38962832039388
7,H,7.46,2.00,0.50,0.44,0.92,C,169.94458408553953
48,F,7.46,2.00,0.00,0.44,0.43,T,166.89600413403426
89,L,7.47,2.00,0.00,0.44,0.70,G,97.37622010057282
20,G,7.47,2.00,0.00,0.44,0.80,C,71.57599970178921
11,H,7.48,2.00,0.50,0.44,0.87,C,178.652446210126
82,I,7.48,2.00,0.00,0.44,0.70,C,94.02425371234895
35,V,7.50,2.00,0.33,0.44,0.86,C,134.81010069473137
31,V,7.52,2.00,0.33,0.44,0.85,C,130.66179800619312
263,Q,7.53,2.00,0.00,0.44,0.36,C,167.11673011288315
73,G,7.53,2.00,0.00,0.44,0.75,T,71.05906225750947
83,P,7.53,2.00,0.00,0.44,0.68,T,87.80742218867313
5,L,7.54,2.00,0.50,0.44,0.90,C,156.47054706159753
68,G,7.54,2.00,0.00,0.44,0.82,C,49.32585907136181
63,T,7.55,2.00,0.00,0.44,0.72,T,71.63193758782364
16,D,7.56,2.00,0.33,0.44,0.82,C,128.14344218955137
78,L,7.56,2.00,0.00,0.44,0.71,T,71.7380236997541
80,A,7.58,2.00,0.00,0.44,0.67,C,77.43141728935836
255,R,7.58,2.00,0.00,0.44,0.24,C,183.8164981622026
91,P,7.59,2.00,0.00,0.44,0.57,C,98.3800992121008
261,L,7.60,2.00,0.00,0.44,0.35,C,154.84188133053294
85,S,7.61,2.00,0.00,0.44,0.65,T,75.60358572183715
43,G,7.61,2.00,0.00,0.44,0.75,T,49.88829449691266
173,K,7.61,2.00,0.00,0.44,0.15,T,199.26739329160495
172,S,7.62,2.00,0.00,0.87,0.16,T,87.50812960201915
34,E,7.62,2.00,0.50,0.44,0.81,C,156.2397282214547
40,G,7.63,2.00,0.00,0.44,0.68,C,65.08464663182919
220,K,7.63,2.00,0.00,0.44,0.14,C,196.68567049852874
17,A,7.63,2.00,0.25,0.44,0.82,C,89.06287966504112
138,Q,7.66,2.00,0.00,0.44,0.20,T,174.59965710254968
260,Q,7.67,2.00,0.00,0.44,0.39,C,125.13117854082051
50,Y,7.68,2.00,0.00,0.44,0.43,C,112.5966901396751
2,G,7.69,2.00,0.33,0.44,0.88,C,79.73338282533223
66,G,7.69,2.00,0.00,0.44,0.85,T,5.031905852506005
23,S,7.70,2.00,0.00,0.00,0.90,C,99.67674362478118
86,D,7.72,2.00,0.00,0.44,0.66,T,44.14877067109426
15,E,7.73,2.00,0.50,0.44,0.82,C,129.23519666046738
32,N,7.73,2.00,0.50,0.44,0.82,C,127.31457979734999
87,Q,7.73,2.00,0.00,0.00,0.64,G,157.40964735063088
8,L,7.73,2.00,0.33,0.00,0.92,C,171.45061895406783
64,C,7.73,2.00,0.00,0.44,0.77,T,14.552856672033613
206,E,7.74,2.00,0.00,0.44,0.16,G,165.21623434598013
217,I,7.74,2.00,0.00,0.44,0.13,T,172.54188410988948
53,F,7.75,2.00,0.00,0.44,0.43,E,171.27898019507506
139,K,7.77,2.00,0.00,0.44,0.22,T,144.5919407310854
237,F,7.78,2.00,0.00,0.44,0.25,T,132.13804494745324
205,E,7.80,2.00,0.00,0.44,0.15,G,151.62547559528917
61,C,7.84,2.00,0.00,0.44,0.61,T,27.600908055498635
118,P,7.86,2.00,0.00,0.44,0.42,C,70.2581018848881
119,R,7.86,2.00,0.00,0.44,0.36,C,85.5097885935204
264,S,7.86,2.00,0.00,0.44,0.35,C,86.5431355711178
259,Y,7.87,2.00,0.00,0.44,0.39,E,148.68884707122822
256,N,7.88,2.00,0.00,0.44,0.30,C,96.059965497941
55,G,7.88,2.00,0.00,0.44,0.44,T,61.49521234240673
59,V,7.89,2.00,0.00,0.44,0.58,E,98.75378467913927
57,D,7.89,2.00,0.00,0.44,0.53,E,110.07873612390435
262,G,7.93,2.00,0.00,0.44,0.34,C,74.19559398978338
257,T,7.93,2.00,0.00,0.44,0.35,C,70.62775762096457
140,R,7.96,2.00,0.00,0.44,0.22,T,95.80009886901851
60,T,7.96,2.00,0.00,0.44,0.59,E,77.38113780365983
137,V,7.98,2.00,0.00,0.44,0.19,T,99.84002751691736
120,S,7.99,2.00,0.00,0.44,0.30,C,68.74118626242569
250,Y,8.00,2.00,0.00,0.44,0.26,E,152.35698932441636
248,Y,8.00,2.00,0.00,0.44,0.24,E,155.76065091003085
58,S,8.00,2.00,0.00,0.44,0.58,E,71.16334818157438
218,S,8.03,2.00,0.00,0.44,0.15,T,95.64400892149011
54,T,8.03,2.00,0.00,0.44,0.40,E,107.9671371366382
238,G,8.05,2.00,0.00,0.44,0.20,T,75.69282686739797
202,V,8.06,2.00,0.00,0.85,0.14,E,63.98692083079391
14,K,8.06,2.00,1.00,0.44,0.81,C,172.71030144094635
221,V,8.08,2.00,0.00,0.44,0.12,C,88.72063176765958
242,Q,8.09,2.00,0.00,0.44,0.25,E,129.95273839839845
247,R,8.09,2.00,0.00,0.44,0.26,E,127.82702123571613
52,E,8.09,2.00,0.00,0.44,0.40,E,91.8100587563056
124,K,8.09,2.00,0.00,0.44,0.24,E,132.28134661079832
157,Y,8.10,2.00,0.00,0.44,0.18,C,68.77349874311633
189,P,8.11,2.00,0.00,0.44,0.15,T,74.95003154088604
216,L,8.11,2.00,0.00,0.44,0.12,T,83.71054955888634
93,R,8.11,2.00,0.00,0.44,0.30,H,161.92462041683436
95,K,8.13,2.00,0.00,0.44,0.22,H,177.3299781705685
185,T,8.14,2.00,0.00,0.87,0.15,E,36.06257283576519
159,S,8.15,2.00,0.00,0.44,0.16,C,62.46686157170738
178,K,8.15,2.00,0.00,0.44,0.17,E,135.9134342175557
219,I,8.16,2.00,0.00,0.44,0.15,T,62.666951310478396
183,N,8.19,2.00,0.00,0.44,0.18,E,122.16064197590622
132,Y,8.20,2.00,0.00,0.44,0.19,E,118.90298918664035
239,H,8.20,2.00,0.00,0.44,0.18,E,121.36849942790494
4,S,8.20,2.00,1.00,0.44,0.89,C,117.63593219146394
6,S,8.20,2.00,1.00,0.44,0.90,C,114.58615469540833
155,N,8.20,2.00,0.00,0.44,0.19,C,42.41844828296525
46,S,8.21,2.00,0.00,0.00,0.55,T,61.942174259305744
49,P,8.27,2.00,0.00,0.00,0.42,C,79.56042720019093
51,V,8.27,2.00,0.00,0.44,0.40,E,47.4365704221382
194,Q,8.28,2.00,0.00,0.44,0.12,E,115.11808582534891
143,Y,8.28,2.00,0.00,0.44,0.23,E,86.47836481252558
13,S,8.28,2.00,1.00,0.44,0.81,C,116.95000739957004
253,C,8.28,2.00,0.00,0.44,0.28,C,0.0
129,K,8.29,2.00,0.00,0.44,0.16,E,102.69060415181822
207,M,8.29,2.00,0.00,0.44,0.16,G,26.369912071999554
158,Y,8.30,2.00,0.00,0.44,0.17,C,23.347832628565374
182,N,8.30,2.00,0.00,0.44,0.18,E,94.00668811607711
254,G,8.31,2.00,0.00,0.44,0.24,C,2.39234040493644
33,S,8.31,2.00,1.00,0.44,0.80,C,113.38324010363195
204,A,8.31,2.00,0.00,0.44,0.15,C,24.31625093565989
192,M,8.32,2.00,0.00,0.44,0.13,E,103.47865989532966
126,I,8.32,2.00,0.00,0.44,0.15,E,98.66548228848976
188,G,8.33,2.00,0.00,0.44,0.15,T,20.726282325088178
240,S,8.33,2.00,0.00,0.44,0.23,E,75.51347925231127
258,T,8.33,2.00,0.00,0.44,0.36,E,43.504296497366504
244,S,8.35,2.00,0.00,0.44,0.25,E,62.9727793456626
12,S,8.36,2.00,1.00,0.44,0.81,C,97.9689550863595
156,N,8.36,2.00,0.00,0.44,0.20,C,0.3478642121847512
161,E,8.36,2.00,0.00,0.44,0.17,E,81.10964625634968
245,Q,8.36,2.00,0.00,0.44,0.26,E,59.876139182160344
241,E,8.38,2.00,0.00,0.44,0.23,E,63.08355080134731
163,E,8.39,2.00,0.00,0.44,0.19,E,71.66679218638878
222,H,8.39,2.00,0.00,0.44,0.10,C,17.44115202351493
122,D,8.40,2.00,0.00,0.44,0.24,E,54.7864519265849
145,N,8.42,2.00,0.00,0.44,0.21,E,57.477787879035084
190,L,8.42,2.00,0.00,0.00,0.15,T,108.24980230272297
174,T,8.42,2.00,0.00,0.44,0.16,E,69.02305307147725
235,T,8.43,2.00,0.00,0.44,0.28,E,38.64089541161316
209,Y,8.43,2.00,0.00,0.44,0.14,H,123.54325875767758
175,V,8.45,2.00,0.00,0.44,0.17,E,60.504502631931956
236,Y,8.45,2.00,0.00,0.44,0.28,E,32.91105000603004
193,K,8.45,2.00,0.00,0.44,0.13,E,69.40077759004883
200,P,8.46,2.00,0.00,0.44,0.11,E,72.44829969107197
166,T,8.46,2.00,0.00,0.44,0.17,E,56.360020377654045
249,Q,8.46,2.00,0.00,0.44,0.25,E,37.18512875629146
198,T,8.48,2.00,0.00,0.44,0.14,E,61.03734957327924
134,S,8.48,2.00,0.00,0.44,0.21,E,40.94829287899381
225,V,8.49,2.00,0.00,0.44,0.11,E,67.3511744866893
191,D,8.49,2.00,0.00,0.44,0.14,E,58.73136681926749
135,Y,8.49,2.00,0.00,0.44,0.22,E,38.24005831901708
153,T,8.49,2.00,0.00,0.44,0.22,E,37.29085349514996
196,D,8.49,2.00,0.00,0.44,0.13,E,58.71542095195039
181,L,8.50,2.00,0.00,0.44,0.16,E,49.93916415649932
151,N,8.51,2.00,0.00,0.44,0.23,E,30.23364567322828
184,I,8.52,2.00,0.00,0.44,0.17,E,43.75837459260691
180,R,8.52,2.00,0.00,0.00,0.14,E,159.09227934245894
229,Q,8.53,2.00,0.00,0.44,0.13,E,49.51548127756634
136,D,8.54,2.00,0.00,0.44,0.19,E,34.70354381232858
123,V,8.56,2.00,0.00,0.44,0.27,E,9.229178061341583
168,Q,8.56,2.00,0.00,0.44,0.16,E,34.65487256859862
121,I,8.56,2.00,0.00,0.44,0.26,E,10.133470288754143
170,Q,8.57,2.00,0.00,0.44,0.16,E,30.53099370450706
227,M,8.59,2.00,0.00,0.44,0.11,E,40.533078787912146
251,V,8.59,2.00,0.00,0.44,0.26,E,2.9332722550680828
171,F,8.59,2.00,0.00,0.44,0.17,E,24.507892218573822
141,T,8.60,2.00,0.00,0.44,0.24,E,7.409442444511924
125,Y,8.60,2.00,0.00,0.44,0.20,E,16.6311174810071
133,V,8.60,2.00,0.00,0.44,0.21,E,12.609828754699508
147,T,8.61,2.00,0.00,0.44,0.15,E,25.926551535014454
246,E,8.62,2.00,0.00,0.00,0.27,E,102.55144682492748
176,I,8.62,2.00,0.00,0.44,0.19,E,12.811655738194625
234,T,8.62,2.00,0.00,0.44,0.24,E,0.1334203584665068
142,I,8.62,2.00,0.00,0.44,0.24,E,0.13217353001498314
164,N,8.62,2.00,0.00,0.44,0.19,E,11.27648794925675
130,S,8.63,2.00,0.00,0.44,0.14,E,23.48150728305666
152,I,8.64,2.00,0.00,0.44,0.22,E,0.08312691564660157
213,F,8.64,2.00,0.00,0.44,0.13,H,73.47065916434444
177,G,8.64,2.00,0.00,0.44,0.19,E,8.962996337906425
179,A,8.64,2.00,0.00,0.44,0.15,E,16.740093863957615
149,T,8.64,2.00,0.00,0.44,0.19,E,6.207244029079923
144,L,8.65,2.00,0.00,0.44,0.21,E,0.03309956306613118
233,T,8.65,2.00,0.00,0.44,0.18,E,8.69140423693495
150,L,8.65,2.00,0.00,0.44,0.21,E,0.0
231,T,8.65,2.00,0.00,0.44,0.10,E,27.333635157306254
154,N,8.66,2.00,0.00,0.44,0.20,E,0.5107597560678867
212,D,8.67,2.00,0.00,0.44,0.12,H,67.98562645901545
128,V,8.67,2.00,0.00,0.44,0.11,E,20.53959573398484
195,I,8.67,2.00,0.00,0.44,0.12,E,16.349457670373546
165,I,8.68,2.00,0.00,0.44,0.18,E,0.0
162,V,8.68,2.00,0.00,0.44,0.18,E,0.12570351797879065
146,I,8.68,2.00,0.00,0.44,0.18,E,0.0
148,N,8.68,2.00,0.00,0.44,0.18,E,0.0
160,V,8.69,2.00,0.00,0.44,0.17,E,0.854551923820529
131,A,8.69,2.00,0.00,0.44,0.16,E,3.0689904228292195
127,G,8.69,2.00,0.00,0.44,0.12,E,13.266288557991535
167,A,8.70,2.00,0.00,0.44,0.16,E,1.2566296167750588
169,V,8.70,2.00,0.00,0.44,0.16,E,0.0008306893582348959
187,I,8.71,2.00,0.00,0.44,0.15,E,0.554928002227321
230,V,8.71,2.00,0.00,0.44,0.14,E,2.563097299586512
228,M,8.72,2.00,0.00,0.44,0.12,E,5.711090253902652
203,I,8.72,2.00,0.00,0.44,0.14,E,1.044268815037894
199,V,8.73,2.00,0.00,0.44,0.13,E,0.012433933507386625
232,V,8.73,2.00,0.00,0.44,0.13,E,0.0
201,T,8.74,2.00,0.00,0.44,0.11,E,1.713913256204737
208,S,8.76,2.00,0.00,0.44,0.16,H,37.391833284078366
226,L,8.76,2.00,0.00,0.44,0.10,E,0.0
215,T,8.77,2.00,0.00,0.44,0.11,H,44.83681214530994
211,Y,8.89,2.00,0.00,0.44,0.09,H,20.63935100813381
223,N,8.89,2.00,0.00,0.00,0.11,E,75.62615778125371
210,M,8.90,2.00,0.00,0.44,0.11,H,14.031991615408469
214,C,8.92,2.00,0.00,0.44,0.13,H,1.9514311831780564
252,D,8.92,2.00,0.00,0.00,0.29,E,22.143475641212433
243,I,8.95,2.00,0.00,0.00,0.24,E,25.9775418247568
94,T,9.01,2.00,0.00,0.00,0.24,H,62.33304935961086
197,Y,9.15,2.00,0.00,0.00,0.14,E,3.4499727649640493
224,I,9.16,2.00,0.00,0.00,0.11,E,5.977783655789763
